codice,cf_piva,ragSoc,indirizzo,città
86e38cc8-54b0-48c5-8e6e-b8da5f40178c,MRCPCC94S60L259S,Marcucci Pinuccia,Largo Tevere 13,Torre de' Roveri
014c5b21-bcb9-4736-85c5-d825247838a5,91728000406,Trattoria Dodaro S.a.s.,Largo Primule 54,Misinto
6509c024-edd5-4c45-88c2-0f142359fbe1,MLNGSM56B43A326D,Emiliani Gelsomina,Largo Maggiore 19,Albino
bef8c845-96a7-4d9e-9b53-bfe09003ba19,43486940059,Sicurezza Informatica Dessì S.p.A.,Largo Azzurra 24,Cologno al Serio
38583dd3-c6a6-4d5c-8f1e-c98a4552fcb6,54815940900,Trattoria Villa d'Almè S.n.c.,Piazza Castiglione 45,Villa d'Almè
20e4b652-9fd7-45fe-a702-a7ab00ec581c,DLLNDM42T19H703C,Dello Russo Nicodemo,Corso XI Febbraio 135,Stezzano
c8933da3-0524-4174-aacc-961da0b159f6,CRSLRA54L19L949X,Corsi Lauro,Vicolo Maderno 117,Osio Sotto
ee59e4e3-5ca2-4c53-be84-8f2772475d5b,RLNMCL83L46E625Q,Orlando Marcella,Vicolo Dei Pastori 62,Chiuduno
1e5860f4-fcfa-45fb-a191-fd9d0a20607c,DCHLPA78C21G141E,De Chiara Lapo,Piazza Foggia 113,Triuggio
f8c7936b-1d24-4805-879d-d6efa565f345,CRNMTN65S61C773W,Corona Martina,Viale Marco Minghetti 135,Bernareggio
8ddad25e-afc1-4ee4-a36b-c6f018b74c26,BRRFBN64P10B296T,Berruti Fabiano,Vicolo Bernini 44,Terno d'Isola
dcee8ed2-4a84-437e-9807-e6d6b95f60e8,CRSVNT75L05G535M,Corsi Valente,Vicolo Roma 107,Martinengo
29a65139-6319-471b-bc7d-5445e2acddd4,LVORNN57B13G337R,Oliva Ermanno,Vicolo Tulipani 41,Carate Brianza
8e8a3944-c1f3-4c73-884b-1b9c01ec1c56,LSSFRZ58A06A662F,Alessandrini Fabrizio,Vicolo VIII Settembre 108,Villa d'Almè
16a50f06-c816-417b-a9d7-f6f0063da102,SGNBGI94L28G337P,Signorelli Biagio,Viale Amerigo Vespucci 28,Muggiò
7e2bee49-41c0-4b72-84cf-ecca6101f33d,50400150053,Network Romani S.r.l.,Piazza Fratelli Bandiera 35,Arcore
ac67812f-6f44-42bc-bbf1-0a2967a5f000,PSNSST68R02H501Q,Pisani Sebastiano,Via Manzoni 32,Brignano Gera d'Adda
d37451aa-df1a-4285-96a4-c77f340c65c9,PPENDR60A25B157O,Pepe Andrea,Corso Santa Chiara 63,Brembate
fd00226d-e272-47e1-8bf4-a405f55993b6,DSNSRT43H11G337X,Di Santis Spartaco,Corso Del Lavatoio 84,Pessano con Bornago
9263153c-e967-429f-892d-8bfda591d333,62359940400,Acciaieria Cioffi S.r.l.s.,Via Della Pianura 51,Cantù
89257c56-cde8-41ea-95da-563e62c95e57,GNNSFR60C60C352M,Genna Sefora,Corso Forlì 9,Ornago
4e4cd267-8def-4b0c-bcaf-28e4eb4c7902,BRNNLD82M46D969K,Brunelli Nilde,Largo Reggio Emilia 125,Missaglia
94b41b43-046c-4fa8-a18d-4e6cefc28630,GCMFNC92C11A794W,Giacometti Francesco,Piazza Del Diamante 46,Chiari
f491dad3-f1f4-451b-bc17-3082961cd8d3,CRTLRD56D10H163C,Cortese Aleardo,Via Caravaggio 124,Calusco d'Adda
72b91ff6-b760-403b-8f60-d88605fc8459,VLPFNZ54H02H490J,Volpe Fiorenzo,Corso Forlì 9,Ornago
3baa98c3-3e51-4da7-8374-04eaac6a2239,MGGGNE46R02L259J,Maggi Eugenio,Largo Dell'Orsa Maggiore 83,Torre de' Roveri
ef51dda2-179a-4eca-9ac3-234497e58331,VTLMNL42P53A326W,Vitali Manola,Piazza Peri 150,Osio Sopra
ef0aee86-453a-4b10-b9ae-3e5629c85270,CNTZTI73H46A794O,Contini Zita,Corso Grazia Deledda 69,Chiari
ffd054d9-665e-40b5-b56c-c6fe6548e351,DPSGNT84R59L049R,De Pasquale Giacinta,Via Taranto 57,Lentate sul Seveso
8767f953-eb76-45a2-8227-cf5c42ebc52f,SNTCHR74C53G878I,Santamaria Chiara,Largo Salgari 79,Costa Masnaga
f17cae2d-4d0f-48a0-93b8-703fb91315d8,25432540075,Consorzio Macchi e Di Pinto S.p.A.,Viale Delle Magnolie 55,Merate
7a3c2a63-f220-41da-b226-c0cec4ddadd8,RMNGND91C62D548Q,Armani Glenda,Viale Goldoni 122,Ciserano
3aea87ec-34ce-434f-a8e4-c5cf85959344,FLCGLC86R28B963A,Feliciano Glauco,Viale Ascoli Piceno 98,Palazzolo sull'Oglio
3d8c7f35-2fd8-4b96-95f9-12ced5ff2b68,FRLMRZ84H22A326U,Fiorillo Marzio,Via Ascoli Piceno 54,Vedano al Lambro
c15d925b-c895-41df-894e-f38bf94c7a79,GVNCLR49L53A859C,Giovannelli Clara,Via Mantova 59,Bergamo
35544c31-c89b-43df-a414-2f38d3ab24bb,MNTDLL90C56E058I,Mantovani Dalila,Viale Arno 96,Gazzaniga
17729e70-aebd-4b3f-86f5-cda9bf8a2995,TMMVIA70R48L219O,Tommasi Iva,Via Delle Querce 93,Comun Nuovo
499acd11-9efa-49b2-8d0f-dce92a87b003,DBLRCL80B03F257Z,De Blasi Ercole,Viale Piave 130,Brugherio
7dbf884e-ab6f-488f-97dd-c99e7a142340,GRMRCE65H57F537R,Grimaldi Erica,Largo Marco Minghetti 127,Almenno San Bartolomeo
ce849af7-e855-4c98-8fef-3eb067907adb,DLGSRD44E61A326K,Del Gaudio Sigrid,Piazza Europa 6,Vedano al Lambro
f502b522-0b58-4a74-900e-c4c3a19834bb,FRRPSP67M06D704I,Ferrazzi Prospero,Piazza Dei Contadini 9,Sovico
c64ca44c-70e1-4108-8405-7c522e34bcdb,FRNNZE88B58G337S,Franceschelli Enza,Vicolo Dell'Eclissi 141,Muggiò
145c2ce3-2847-4363-a641-be27eb0712d8,LRCDVD40S05H224V,La Rocca Davide,Vicolo San Martino 149,Nova Milanese
da3398ae-f35f-44bc-8548-83a61998ecdd,NGRKSC92L68E058J,Negri Katiuscia,Corso Ciliegi 96,Gazzaniga
9bf4c34c-6755-446f-a41a-36bd213f30d6,BNGVGN97P67E054U,Benigni Virginia,Via Del Tramonto 23,Seveso
1b363126-0e83-4c11-9433-9d9ad9425b11,77530760998,Gioielleria Zanica S.p.A.,Largo Dei Pini 6,Zanica
0eee6a01-96e7-48ba-89a5-1f2a61b928cd,DFLNNZ88A43C632I,De Falco Nunzia,Viale Dei Contadini 74,Melzo
771a46a8-d7c5-48e8-b8b6-201e4c579088,CRMSSM73M13L331T,Cremonesi Sigismondo,Corso Sansovino 84,Usmate Velate
8442cf05-6659-4212-aa54-d08aac937e0c,LNRGLT51H42A944Y,Lunardi Galatea,Largo Bernini 125,Trescore Balneario
d512c634-cc84-4ec1-bb7c-9e53cdd651a3,NGRSVV54T50A509Y,Negro Sveva,Via Verde 145,Dalmine
6b63f18c-2af0-4c23-bf9c-08be6fcb4fd6,28482990810,Consorzio Bonini e Michelini S.n.c.,Corso Palladio 120,Scanzorosciate
8412f258-7be0-4980-9b2f-542490a08375,NCLDRO40P61L049C,Nicoletti Dora,Corso Sansovino 84,Usmate Velate
b6797a79-0eb2-43d2-a213-914b8208ebae,47174990409,Centro Stefani e Lunardi S.p.A.,Via Verde 138,Pagazzano
c79a36dd-dbf9-4f96-8f48-a5045ef31da3,FRGNCN93S22A662P,Fregonese Innocenzo,Viale Pavese 28,Villa di Serio
47ea00f4-036b-4fdb-a524-f6c6da62fd35,FNTGSM97B53F839C,Fantoni Gelsomina,Corso Galileo Galilei 72,Ranica
8c25c46e-cea3-4683-8ac7-47dc25c62c08,CFRBTL81S12G964U,Cafaro Bartolomeo,Corso Del Melograno 15,Treviolo
f2e573af-b5ae-4f24-be50-d37e3b2e2f98,CSLGMR54C18D086H,Casella Gianmario,Largo Peschi 143,Lovere
394d780f-a147-4773-a8aa-f1615dab1a0e,91063710809,Communication Vedano al Lambro S.r.l.,Via Dei Pastori 42,Vedano al Lambro
6754286e-d1f5-49d2-beec-a5e7fdada47c,28350350014,Stabilimento Balneare Domenici S.r.l.,Largo Sicilia 44,Desio
8c6fef52-5233-4414-ae9a-cb445c688eff,GNLMSM87L27F839J,Agnelli Massimo,Corso Della Pieve 36,Ranica
8a5f9f5e-02de-4116-bc80-714b9da37eb4,FRRTMS54M25L736H,Ferrero Tommaso,Corso Della Pieve 36,Ranica
26e8e807-36c1-4ad3-bda5-b32bdd9ff970,CZZTNZ96D18L049A,Cozzolino Terenzio,Largo Boccaccio 148,Lentate sul Seveso
81438696-48f1-41d3-a437-0f8849571b23,CLNBEE75R51L219T,Colonna Ebe,Largo Ancona 63,Comun Nuovo
583f7632-a2b4-4fa3-8a77-6b030421782f,DSTFST63R50L736X,Distefano Fausta,Corso Venezia 4,Rivolta d'Adda
f8718369-ee8a-4906-b465-96e181661f39,DNRSCC95E25G478O,Denaro Isacco,Largo Puccini 117,Ponteranica
cc68326a-7ace-4ce5-b743-0e337c140b5f,BLDMLA89S55D969N,Balducci Amalia,Viale Dei Contadini 74,Melzo
88e1b883-cd30-44af-8c30-3da68bf99076,RCCGMN88L43G337X,Rocchi Giacomina,Viale Dei Pianeti 17,Muggiò
ab87fa43-a24c-4894-bda0-eb7e2d34a3b8,PLLNTR83D25E506I,Pellegrini Nestore,Viale Bologna 13,Roncello
735d231f-e021-4602-a51a-f1457043f5b6,GRLBGT97R47E054R,Grillo Brigitta,Viale Sandro Pertini 39,Seveso
9b9e7265-9919-4682-ae98-8c8654c0bb85,00912880366,Cartiera Brugherio S.a.s.,Via Umbria 120,Brugherio
a2e1b04f-47fc-4c56-820e-bfce3ed5d5cb,BLSLVS61H20D499K,Balsamo Alvise,Viale Appennini 9,Palosco
02cb65cd-7e04-461a-9b59-f1a6618c5788,DLFFRZ81P64H224A,Delfino Fabrizia,Vicolo Gran Sasso 148,Pozzuolo Martesana
fd5eb112-06da-437a-beaf-bc47747548a5,BTTLVO51L57E625M,Bottaro Olivia,Viale Paganini 30,Gessate
e89d7234-156d-43eb-822e-5890a7202eab,CSTFNC88D56B296S,Castiglioni Francesca,Piazza Ungaretti 132,Renate
980acf3a-edfa-4aeb-8ed9-23dfcdb19866,78835770591,Tecnocom S.r.l.,Viale Dei Vasai 111,Gorgonzola
1e42e2d4-c621-4999-ac1f-a1dec255c222,SNTBDT87S02D086G,Santucci Benedetto,Vicolo Ortensie 148,Lovere
d1a51b59-26af-45d4-987b-0d64353bad1c,CPRGTA47H63L049B,Cipriani Agata,Vicolo Ortensie 148,Lovere
e10c3b31-5ac8-4a16-a994-039a62bb52b1,24402050512,Farmacia Castelli Calepio S.r.l.s.,Corso Marie Curie 35,Castelli Calepio
89e7b3e5-6bd3-4104-84c3-7af87d468610,GRDDNL50P01A345J,Giordano Daniel,Corso Natta 101,Paladina
5f7764de-425d-4861-921f-2fe0a8191cf0,CSTSFN64D06A794B,Costanza Serafino,Via Romagna 43,Brivio
a9e762ba-d2b5-444f-8d35-39e754184372,CDDDNT53R07A345S,Caddeo Donato,Vicolo Del Bosco 132,Zanica
8e2e5237-8c49-4274-ac40-c4ee5f2206a2,CMPNRN67D54E281K,Compagnoni Onorina,Via Del Vespro 107,Pradalunga
bb85057d-d89e-407e-b2a5-85aeb4258720,RLNMLN78A51A271H,Orlando Melina,Viale Paganini 30,Gessate
9b22e89b-ba6d-4e07-9dea-a5ae125ee5d2,23529980643,Libreria Dell'Orto S.p.A.,Corso Dei Contadini 82,Cernusco sul Naviglio
868bdfd6-2a69-4568-93ac-312f52ebad99,BRMPLT42B62C286V,Brambilla Ippolita,Vicolo Cavour 90,Macherio
bd7c9865-0634-47f9-ae73-b6b8da3ab9af,MRTSNN62E65G942Z,Mariotti Susanna,Piazza Del Vespro 104,Treviglio
44d16a6f-294e-4884-b8ef-5284104307f2,DNTNNA92P60B036Q,Donatelli Anna,Piazza Tevere 103,Lallio
329c14eb-26d5-4b4e-ac2a-9d6042d23c7e,97567420480,Software House Cherubini S.a.s.,Corso Brindisi 69,Muggiò
3857b0be-3103-4581-bc59-afd116655c9a,BZZMCL63L51F257F,Bozzi Marcella,Largo Appennini 65,Brugherio
4ac4a94b-0f37-4bbd-ba91-8222b0c6fbbd,05900280628,Trattoria Lazzaro S.p.A.,Viale Pirandello 122,Ceriano Laghetto
68f49061-9151-4a8a-a2af-6d49d5de2283,SCLSRI85P45L736M,Scala Sira,Largo Bembo 98,Rivolta d'Adda
245f66ac-5953-465a-a5d2-72fc4407dd46,ZNTLNI58S55E379X,Zanetti Ileana,Vicolo Lombardia 128,Nibionno
81b0d8cd-6afd-4b59-9692-4e81460a98c0,VRNFVN44T03D086G,Veronesi Flaviano,Largo Pitagora 32,Busnago
30f87afc-e382-4af8-8e35-6b6e9b3c0602,BRTGFR67M08G535F,Berto Gianfranco,Largo Appennini 65,Brugherio
f6b527dc-e217-4d85-bfef-f8e257dfb3e4,DNCFNY82L68C632T,De Nicolò Fanny,Corso Brindisi 44,Melzo
b6adb102-f36d-4f96-acc7-8c4747aea99f,DGSWLM43T23A326S,De Gasperi William,Corso Bramante 40,Ronco Briantino
d81fd487-4f1e-4414-b384-7a34896deeee,83171850247,Meccanica Chiari S.n.c.,Largo Torquato Tasso 74,Pradalunga
76acee96-7e71-418b-bb65-8496a97f1072,BSCDLD52C66E791A,Boscolo Adelaide,Corso Ariosto 62,Pusiano
7bb6c8d4-ee7f-424d-98df-d20fe6012958,VSCCRN67D43L103K,Visconti Caterina,Corso Terni 30,Cene
86371412-e2f2-434d-8b2e-3abeb5761237,CNAPCC99P43C632G,Canu Pinuccia,Vicolo Vecchia 87,Melzo
1d3e3e7e-4107-4d8c-8a78-f6bf240922db,VLNYRA67M28H163Y,Valentini Yari,Piazza Arno 108,Calusco d'Adda
ba3758d4-6d2b-4ae2-9dc5-e12f8a1cccf6,RMNDTR46T15C002V,Romani Demetrio,Viale Poliziano 108,Lesmo
e5a683c3-c9a3-458e-b607-a04f1d95b70f,MRTLNE88M10D704E,Martucci Leone,Largo Appennini 65,Brugherio
a7ff843c-c59d-4f32-9a51-bf4105464e15,58179830250,Profumeria Service S.p.A.,Via Vittorio Emanuele 102,Barlassina
c8c21f59-9f18-40e7-9f58-280d5549f5aa,DLLPRI90E24C632P,Delle Donne Piero,Piazza Del Castello 132,Melzo
b5ed0cbe-5d18-4287-8694-8d324869bf9d,15252000490,Profumeria Plus S.p.A.,Vicolo Varese 129,Barzanò
1017249d-bd20-4d74-a522-278d994167c8,VSSYRA66E27C002Z,Vassallo Yari,Piazza Sicilia 104,Lesmo
a0538ed8-1d80-4cce-939c-590d6a0707db,SPGLEI81H24A345M,Spagnolo Elio,Via Ariosto 118,Scanzorosciate
e7c5a02d-9254-4ba9-afbb-e1093f556879,61746490202,Terme Busnago S.a.s.,Piazza Pirandello 138,Busnago
1720e58f-e24f-43ec-ba34-6f0b0a9d61cc,GNNFRZ61E51G535V,Gennari Fabrizia,Viale Noci 107,Martinengo
c5051153-d716-46c5-835e-e57109e46cf0,DVVLNS76H18L259H,De Vivo Alfonso,Vicolo Toscana 141,Torre Boldone
304d5213-7ae6-4a4c-901f-f44c298f8cd4,38998530448,Gruppo Terzi e Cannavaro S.p.A.,Largo Dello Zaffiro 76,Casatenovo
1a8f1daa-d3b2-42b1-9d58-42e1c82e65f8,NDRGLI88C22G999P,Endrizzi Gioele,Via Panaro 54,Cesano Maderno
98468999-b8be-4f92-8295-87b94a6db785,LNGDNL48M02D086D,Longhi Daniele,Piazza Marconi 127,Sarnico
743f8f87-b10f-4ecb-99f6-37485439e388,DPSBRN90C62G482R,De Pasquale Bruna,Vicolo Veneto 16,Casatenovo
df2b9634-2581-4e16-bdc2-5207e6dc1bf4,BRZNLN59B14B963H,Brizzi Napoleone,Corso Liguria 149,Varedo
13cecddf-0451-46ed-8698-099423360abb,41268920158,Graphic Design Mapello S.n.c.,Corso Virgilio 25,Mapello
a3940c02-0767-4019-aa5d-0a6e09c166ce,DMCSST96T08F257J,D'Amico Sesto,Piazza Piave 103,Almenno San Salvatore
b9144ee8-664a-400f-b578-e5df8961e31f,LLGLSE82H19L259D,Allegri Eliseo,Corso Maggiore 2,Torre Boldone
0b6cf033-0a04-4376-b9c1-a84bdd011e11,27013870244,Autoscuola Baresi S.p.A.,Via Matera 4,Seregno
b0e70e4b-055c-4a00-bf50-69e351f6c95d,36939920223,Imballaggi De Grandis S.r.l.s.,Largo San Carlo 117,Palosco
d8dcdf0f-1c5e-4b25-992f-4030bce46fa8,CSDCRO47A67C632P,Casadei Cora,Corso Maggiore 2,Torre Boldone
1ff64b91-ae1a-4cc3-b592-f5727b570bd4,96094340823,Media Group S.n.c.,Piazza Roma 126,Palazzolo sull'Oglio
44bc221c-0e31-493e-bba7-55ffd7bc0aab,30988640774,Discoteca Pinna S.r.l.,Via Pavia 40,Besana in Brianza
20405f19-1d06-491f-a18e-6d66b124ec7d,DNFSCR54B04A326T,D'Onofrio Oscar,Vicolo Del Diamante 96,Albino
5e9b7307-d891-405d-8e36-d2163febeb64,BLDRND97R08L551M,Balducci Rolando,Vicolo Meli 39,Brusaporto
d0094fd2-be67-484e-a9cb-e5c8a821539a,CRTPRZ98L10E054I,Crotti Patrizio,Via Dell'Edera 81,Seveso
080c418a-e9da-412e-b9bf-b90caf210dc4,SRFVNT95L15I274T,Serafini Valentino,Vicolo Goldoni 67,Vaprio d'Adda
3865a8f8-432a-4b67-90ee-7a94fea5d5d7,MCAMRA77A54A326A,Amici Maura,Corso Del Diamante 7,Albino
6777ad82-0bd8-4107-88e4-93a20bc33db0,SRRLGN78B61I452E,Serra Luigina,Via Dello Zaffiro 49,Meda
bbdc1ea4-c024-4b08-a2a4-efe117cdb25b,BNCSLL52C50C773G,Bianchini Sibilla,Vicolo Campobasso 85,Cassina de' Pecchi
01564e05-8899-4d20-9d89-de5496383def,SRTMRG49E19L219A,Sarti Ambrogio,Via XXIV Maggio 17,Comun Nuovo
a3ea9a43-88b6-482e-83c5-c8c99c63cc36,BZZDTT74P62F104D,Bizzarri Diletta,Viale Sandro Pertini 93,Cantù
f80c5f3b-72a0-42bc-a55e-05b023be9783,RLNGTN41M68L949A,Orlandi Agostina,Viale Sandro Pertini 93,Cantù
e75e9968-ed9a-4803-9ed6-e745ac40ff59,BFFRCC87H04C002Y,Boffa Rocco,Piazza Minore 113,Lesmo
c0fc03ff-e17b-4664-90f0-71afc9fdbec8,63719980250,Logistica Grande S.r.l.,Via Pescara 9,Barlassina
8f08e1ee-4ff7-4117-a93b-e9d5473bb54d,51995800102,Gigamec S.p.A.,Vicolo Augusto 123,Levate
2e852fab-1511-4331-891e-cc84997b1c6c,DLRFNC99C24H282U,Di Lauro Francesco,Piazza Modena 70,Correzzana
010b97e1-3ece-4956-bc85-be4180e3eeab,56355290968,Media Global S.r.l.,Piazza Bianca 48,Terno d'Isola
58eec76a-485d-4b82-81b7-8d0059b99115,NBLGDN87P11B157A,Nobile Giordano,Piazza Bianca 65,Brembate
18e4f5d7-b854-46dd-a2c5-f9982036d7cc,RMOFRD58C47F839M,Roma Frida,Via Campobasso 17,Arcene
1ec75b9c-36c8-48fa-bfda-f75af05b58ae,FNDGUO62D16B157C,Fondi Ugo,Corso Parisi 112,Merate
672dc4f2-be1d-4671-a04f-9b4c9a7e802f,PRNMCD42L41F104P,Parente Mercede,Viale Vittorio Emanuele 147,Inverigo
4f838d4f-9148-4b12-96ea-a2617a064acb,95804500908,Infogest S.r.l.,Vicolo San Marco 125,Villa d'Almè
9513f2e9-2b84-4f0f-8325-ec407e376307,CSSRTH73M60L331J,Cossu Ruth,Viale Croce 30,Usmate Velate
3b0f0746-e588-4b90-b4b8-070b6abeff9e,76010840650,Bar Federici S.a.s.,Largo San Giuseppe 62,Brignano Gera d'Adda
37135658-6a4d-41d2-a4cd-628495ea8198,88543340264,Fonderia Panico S.n.c.,Corso Fratelli Bandiera 41,Bellusco
783bc0c4-5980-4b6f-a5e1-4df9a6d97d9d,CNTMGH90E48G337W,Contu Margherita,Corso San Giorgio 116,Carate Brianza
56b4e2f8-6c92-40e2-b3eb-1845b7893092,TRVMLA81P58D499Q,Trovato Amalia,Viale Vittorio Emanuele 147,Inverigo
bb662bc3-a931-4ab1-a9a3-805be6fb65cd,LLGGLI81A09C816X,Allegri Gioele,Corso Santa Lucia 19,Cornate d'Adda
d2efe4ca-1556-4f02-b507-6b5d47db6ee2,DCCFNZ51E21B036F,De Cicco Fiorenzo,Via Gran Sasso 135,Lallio
a147d9ef-f57b-4016-9a31-3d73826a66b5,CZZLNZ80A25B963X,Cazzola Lorenzo,Via Gran Sasso 135,Lallio
b6363a06-df62-4e12-acd7-014aad2d2208,CPPTLL55H21C573T,Capponi Otello,Via Saba 103,Garbagnate Monastero
25d99df6-81a6-4234-9471-e82169f04429,MRRCNN42S58C352O,Marrone Corinna,Via Pesaro 3,Ornago
f608d19e-cc23-44ac-8ae1-4c6164da344f,SCLNLS97T12L840G,Scala Nicolas,Piazza Fermi 55,Crema
b263f801-b942-4e88-8169-aa97f8abcb92,PRDDNI58H52A859V,Paradiso Diana,Viale Palermo 116,Bergamo
06d92097-5587-498b-9572-f7813a690efc,CCCLNE85T65C933H,Cecchi Eliana,Largo Rossini 143,Caravaggio
6926b0eb-3243-436a-bb5a-d8c9a5bc8109,MDRCRN44M66A271M,Amadori Clorinda,Piazza Maggiore 105,Costa Volpino
51a30adc-7dc4-4d0e-9c52-c8389abe24c2,GRDTCR93A16E625Z,Giordani Tancredi,Piazza Maggiore 105,Costa Volpino
70aac785-8b62-48d4-ac44-0091ef89d615,CCCNRC54H26G015D,Cecco Enrico,Largo Viole 70,Giussano
8d7a3e1a-0491-4815-ac14-65877a7b59f3,CPLZTI53T41L551E,Capello Zita,Viale Forlì 26,Brusaporto
de6ec812-cbd7-4aa7-8067-85279f7caa4c,DLLPRZ56S63B963T,Dalla Costa Porzia,Via San Benedetto 41,Varedo
d8b19bd7-d05d-49dc-82b0-abce8b91f3fb,DLRFST98A50G942E,Del Rosario Fausta,Viale Puccini 23,Treviglio
ee31742b-db2b-4a02-b614-84982abafe7f,20802550267,Studio Tecnico Lab S.p.A.,Viale Malpighi 73,Capriolo
f75b2565-ddc5-4200-a216-f9466bbf1897,DBRMLD84E52D548M,Di Bari Mafalda,Largo Viole 70,Giussano
6c818f84-67b2-4e46-aa56-e282829f224e,VNTMHL82M07A717M,Ventura Michelangelo,Viale Forlì 26,Brusaporto
7fe32205-81b9-47c3-853d-a8ce7a11a068,BBTMST71R67C286H,Abbiati Modesta,Corso Iseo 100,Cogliate
3fb84201-52ea-4cb8-b3cc-ddb12f66aeb0,BVONHO76R12L378B,Bove Noah,Viale Mantova 113,Alzano Lombardo
1a70f439-d4d6-4131-8d3a-b0f250b41545,DLCPIO79A10H224T,Dolci Pio,Largo Chiese 140,Veduggio con Colzano
87a0fb51-7388-4ac7-ba50-fddcf0e6f005,DCRBGI92S28C573W,De Carlo Biagio,Vicolo Liri 73,Garbagnate Monastero
c2ae390e-93fc-4b78-8bfc-99db439775ba,91558160809,Officine Fiorini e Bertini S.a.s.,Viale Quasimodo 23,Osio Sotto
3235f9c4-87d7-4b26-93b3-dfb7b9294ad2,CCCNOX74E26A285C,Caccia Noè,Vicolo De Amicis 138,Iseo
f3cc4c18-1bcb-4a0c-87c4-98f384f14848,63508470034,Infosystem S.p.A.,Piazza Massimo d'Azeglio 133,Brembate
ac5cda6a-289b-48f8-89b0-ad71e8cb52fb,DTMLEI89L09L840E,Di Tommaso Elia,Piazza Dei Tigli 77,Calolziocorte
7439776c-a561-4497-b3bd-91f305b2494a,NCLRNG73B04F704Z,Nicoletti Ermenegildo,Via Chiese 148,Grassobbio
4cb07837-27aa-46da-9acf-02ad5d7be50c,BRZTTL63B05D548Y,Barzaghi Attilio,Via Dell'Aurora 59,Ciserano
2d0b627f-1dad-4de2-8524-006dea46a430,90007550404,Aerotech S.p.A.,Viale Torricelli 81,Agrate Brianza
b5cdeca4-13ab-4396-b44f-4bb36f4b84df,SNTMNL61L14F839E,Santangelo Manlio,Piazza Petrarca 105,Arcene
907b6295-5101-4a1f-8d11-50d1fd83db81,BNDMCR80S08G535J,Biondo Macario,Piazza Campobasso 99,Martinengo
54973d02-35bb-4d4a-bbb5-6456399119fd,GLNVTR81H02C286O,Giuliano Vittore,Largo Ragusa 64,Romano di Lombardia
97aed147-847a-4941-b33d-472197288810,FVLSNO60D45E472Y,Favilli Sonia,Piazza Roma 35,Verdello
5499233e-2f4c-45a1-8d58-f8b3922c1f97,NVRDLU44C23B354V,Invernizzi Duilio,Vicolo Galvani 62,Brembate di Sopra
e3db897e-8b7b-4797-b8f5-75a84ba66049,01341580056,Neocom S.r.l.,Largo Elsa Morante 26,Cologno al Serio
56b84b27-22ab-40b1-81e8-b2d647a4e7b6,67861520392,Erboristeria Pozzuolo Martesana S.a.s.,Largo Dei Mille 65,Pozzuolo Martesana
af6d5d23-e0a5-41d1-bbb9-1a8a22e2925e,FSRRLN45R64H163A,Fusar Rosalinda,Piazza Cicerone 36,Calusco d'Adda
95d6418f-07c2-4d35-9e3a-ec3a9cada62f,PLLRML41M26B354B,Pellegrino Romolo,Largo Dei Tigli 35,Cavenago di Brianza
013e0b13-7562-49a4-b9b8-6e5a42983ffe,FRRGRM89M18D704D,Ferraro Geremia,Largo Del Glicine 125,Sovico
22cbdd74-9114-4fad-b9fb-7776ee8c217a,73985320016,Pub Desio S.a.s.,Largo Forlì 6,Desio
079afc69-63a7-4234-86fd-fbba7bb02a3a,PRNRMG95M26E281D,Perini Remigio,Vicolo Palladio 118,Pradalunga
4f227ff5-927b-44f1-a99e-ad1c31345290,RRRFDR68B57L551G,Errera Fedora,Piazza Europa 5,Cabiate
1d4ffe89-cd6c-4116-ab74-6a4a2ae93501,DMRRLA56P15D086H,Di Mario Ariel,Vicolo Marche 7,Lovere
b1d51408-edce-48fa-bfe6-5f6b80bf81e5,FTOSML64P18A326A,Foti Samuel,Corso Massimo d'Azeglio 5,Albino
ad6b3fc2-12f2-41bb-adec-e95c4a43edb0,MNCCSN45L57L840I,Monaco Cassandra,Corso Romagna 25,Calolziocorte
ef7880dc-5af1-4dd3-b707-5291b6fada94,PRTFRZ80R05E625Q,Prato Fabrizio,Largo San Martino 97,Chiuduno
2f6f2bc0-074f-4255-aa3a-ada673e9b76d,FMGDRS71D51G337C,Fumagalli Doris,Vicolo Minore 44,Pessano con Bornago
7bc93934-f095-454b-8c1f-12525899b9b2,CLLLVO64L59F104O,Cellini Olivia,Vicolo XXIV Maggio 46,Cantù
aa99b1c5-eb5c-40d3-b27a-c374d0973921,GGLNLN67L06A944A,Giglio Napoleone,Corso Del Fico 14,Orio al Serio
6f7a35d9-9b1d-45e7-8dc1-a9520823e70b,BLLLSE96E42E054C,Ballerini Eloisa,Corso Romagna 25,Calolziocorte
e975e11e-9e06-48c8-af25-f34737ede4b5,PDRLCD99R11C773B,Pedrini Alcide,Piazza Sassari 138,Burago di Molgora
8684de42-599d-4147-a5e5-c40147bfafd0,MAIDNL75E08D969Q,Maio Danilo,Viale Campania 67,Suello
c9258e80-01a0-4d34-91c4-1896482767db,MZZDNC67M62L736G,Mazzeo Domenica,Largo Cristoforo Colombo 98,Lecco
1438ee08-7aca-491e-875a-859b2c780abd,BNDFRZ72A55C002A,Biondi Fabrizia,Via Meli 61,Lesmo
1d4b2256-6364-454a-b629-3eb425096ac5,PLMFRC75A66F104B,Palma Federica,Viale I Maggio 73,Cantù
fd4d49e8-8965-45de-87a0-05ccd89b839c,FLCJTH84S05A326B,Felici Jonathan,Viale Mazzini 135,Albino
279ae0fc-7f69-4d02-9a56-31e42fcd6265,GNVQNT82H11A326A,Genovese Quinto,Viale Del Bosco 32,Vedano al Lambro
eb540f1a-d47b-44fc-9c18-0783b7325de7,BNNNDM53M26G015H,Bonanno Nicodemo,Largo Colonna 38,Vertova
9d1a58a3-d640-49ca-9b78-d88258130b4e,51197000295,Termoidraulica Del Rosario S.r.l.s.,Via Puccini 128,Nibionno
53d943ff-adbc-4e9b-878f-289355433a52,TGLRMG96R12L736W,Tagliaferri Remigio,Piazza Cesena 82,Truccazzano
4baf8ee4-352e-483d-bdda-973354a2523b,10101390804,Studio Legale Cortinovis S.r.l.s.,Largo Lodi 100,Cene
95fcd839-09fa-4261-b4bb-87df50f25cb7,96902930500,Gioielleria Boscolo S.n.c.,Largo Appennini 88,Treviglio
7fb949da-66b1-46c7-9cec-71de5b31d614,43358900397,Assicurazioni Valsecchi S.r.l.,Viale Cosenza 117,Pozzuolo Martesana
fe7bd244-c0f5-487c-ae6d-6f045c804029,FRTCSN68E53L840U,Frattini Cassandra,Piazza Appennini 59,Crema
802eccf9-b2ea-46bb-aa5c-93b7ad5bd87b,LBNGRL81S45E472U,Albanese Gabriella,Corso Massimo d'Azeglio 5,Albino
086ae224-e303-40c1-bc5e-9f3eed1253ff,CLMMCL67L03E379E,Colombo Marcello,Via Europa 40,Urgnano
b69c15a7-2f66-42a2-9770-618831626547,87865530015,Polo Serra e Carli S.r.l.s.,Via Bellini 20,Iseo
0d206b0d-ccce-4473-ab54-32d7b8b03ca0,86864660021,Erboristeria Romagnoli S.p.A.,Vicolo Aretino 60,Bergamo
800ece04-ee67-4dda-8e40-ba3c1cde27e4,56106661004,Catering Ponte San Pietro S.r.l.s.,Via Del Muschio 68,Ponte San Pietro
d41b1b72-1533-4dc4-a392-4709888b7cf2,VLLBRT91H56C816T,Villa Berta,Via Dell'Argento 36,Seriate
c927fadd-2c48-4ec2-8e31-b53a477fb78a,BRNPFC78S25H703U,Bruni Pacifico,Viale Gialla 104,Gorgonzola
2e67bae6-3104-4973-b8ff-60623f578409,72180570144,Pub Almenno San Salvatore S.r.l.s.,Vicolo Ferrara 101,Almenno San Salvatore
ef1fdeb2-0723-4f50-bc72-6be124f3b544,GQNGRZ64H67L949Y,Giaquinto Grazia,Via Dell'Argento 36,Seriate
8b7829a9-790b-4002-bc70-0c14e959eef1,FLCLRT69A52D086Z,Falconi Alberta,Piazza Delle Felci 57,Sarnico
167ca78f-db78-42a1-8012-93fd394444cc,63434650493,Autolavaggio Sorisole S.n.c.,Corso Dell'Eclissi 1,Sorisole
841a0515-fba2-45c4-a656-0cd6c51b555d,MNDSVS96E22E281O,Amendola Silvestro,Vicolo Dei Fabbri 88,Clusone
b369f191-5342-414c-96fb-a6e74357e956,GRCGDN51P05H163J,Garcia Giordano,Via Dei Pianeti 15,Calusco d'Adda
797e1c74-d3ae-4478-b335-29fb60f8fd82,02335980138,Sicurezza Informatica Franzoso S.a.s.,Largo Castiglione 59,Carugate
2958eff7-be24-413c-86ea-e75669d8be23,VGNDLE77A45B157I,Viganò Delia,Corso Puccini 65,Calcinate
af7ee1d2-a232-424f-ab35-424519cabcc0,CLLCML97L55B354T,Cellini Carmela,Largo Santa Chiara 137,Brembate di Sopra
a4c47308-abc5-49cd-8088-da6b4654deb6,DNCGVN82R23G999T,Di Nicola Gavino,Via Galvani 135,Cesano Maderno
5f660644-ad01-46b8-a618-752e19e4dbdb,CSTCTN85R07A271X,Castiglione Costanzo,Corso Puccini 65,Calcinate
33bed703-271e-47df-a8c8-e5e6b761c35b,94488760870,Hotel Chiara S.r.l.s.,Piazza Quasimodo 99,Lecco
e54f9108-e9cd-471f-a8b2-8255177a77dc,92588030889,Agriturismo Botta S.p.A.,Corso Del Sole 88,Villa di Serio
3a4c0af5-3b0c-4e52-8513-ba091d7c1693,25079510993,Ferramenta Cassina de' Pecchi S.n.c.,Piazza Modena 78,Cassina de' Pecchi
912b260d-d6c3-4ea4-b743-f5987c5cedaf,CSSMRO70T19H224P,Cossu Omero,Viale Leopardi 56,Nova Milanese
a5c1bb1b-446c-4e66-a741-ef1e9ffefd3b,97959740131,Pharma Ferrato S.r.l.,Largo Bembo 50,Carugate
d08e78e0-22a9-4613-b8c2-f12b3b65aeb2,03913520403,Catering Misinto S.a.s.,Corso Como 132,Misinto
463572d6-82c1-4330-8df9-badbbfb1ffeb,CNFRNR45C02L736Z,Conforti Raniero,Corso Giulio Cesare 114,Truccazzano
35763094-64f2-4192-86b9-66e31d691725,FVLRLA81E03I274U,Favilli Raul,Via Puccini 43,Castelli Calepio
710a268c-d8c3-4021-b118-925d42c9c692,CTLPSP68L10L840E,Cutolo Prospero,Largo San Domenico 139,Crema
120c5633-d6b1-49a9-a780-5e6b4f14f2a5,MNCRLN86D59A662Y,Manca Ermelinda,Viale Leopardi 56,Nova Milanese
c152811e-4923-4ef5-be43-c70c2d9234ae,DCLCTN99T21B296O,Di Clemente Costante,Corso Dell'Aurora 74,Renate
5f734bd6-5614-429d-ba62-494a3741f89b,DFRDDR90D24A794R,Di Fiore Desiderio,Vicolo San Biagio 68,Chiari
4117656f-1017-4083-af3c-0c37345e3db2,VLLDRO69T42D969S,Villa Dora,Vicolo Della Chiesa 55,Missaglia
d50156c1-9d8b-4629-86f3-11d13faf1b17,ZMBSLD84A24A944Z,Zambelli Osvaldo,Piazza Pascoli 22,Cadorago
d7a684cd-d197-4aa1-9db1-74d02e3d189b,40528960491,Piscina Oliva S.n.c.,Viale Del Vespro 1,Barzanò
bedbe0cd-0920-4f21-9020-ebd48ad774ac,LVRDNL48S43D245C,Oliveri Daniela,Piazza Della Libertà 127,Cernusco sul Naviglio
2d25287a-d3b3-414b-acc3-091a8e743658,RMOFBA61C04E379B,Roma Fabio,Largo San Domenico 139,Crema
516a110a-548b-40a7-b0e9-621e2c8bf818,BNDLCN53A17E472F,Benedetti Luciano,Vicolo Pavese 80,Verdello
28611744-eeb9-4deb-9bfd-ec6ad1a386cb,CCCBRN72B20E379R,Ciccone Brian,Vicolo Pavese 80,Verdello
06028429-df8e-4897-8090-5e098e8e0c13,CLLTMR71T55E379H,Ciulla Tamara,Vicolo Pavese 80,Verdello
07f3dac7-0016-4b6c-9b38-6caa03bf2042,VLSLVI80T52H224Y,Valsecchi Livia,Corso Camelie 16,Veduggio con Colzano
e8682c9b-f604-4d0f-9a8a-6a7e68730ccd,CNTDNT65P54L424M,Contu Donata,Piazza Papaveri 58,Calco
f13fd493-5773-4a21-bebd-bbaa8b5cbcf9,35777390515,Tessile Lentate sul Seveso S.r.l.,Via Don Minzoni 51,Lentate sul Seveso
62f736f9-07ae-4e9d-84bd-4bd01d625e55,TMMMCD83A60E281H,Tommasi Mercedes,Corso Trento 131,Valmadrera
b1cbbb84-84c9-450b-ad44-c1d7ef311edc,CRZGPR46T02A944J,Corazza Gaspare,Viale XX Settembre 112,Cadorago
c023667b-e936-419f-b5b1-27e521de8fd9,MSSTLL95R44F257F,Massari Tullia,Piazza Collodi 93,Brugherio
80eba958-d2ab-4ab9-a308-0b41d61343ba,GGLNGL47C61E506T,Giglio Angela,Vicolo Del Bronzo 136,Roncello
e512ef9e-7bce-4a96-9c8d-fdac8251f522,54617660805,Azienda Agricola Penna S.n.c.,Vicolo Appennini 37,Vedano al Lambro
c3e8dbc6-1c70-41a6-8f30-e85267bbeb56,BLDGLN63H46L483A,Baldi Giuliana,Corso Azzurra 80,Ceriano Laghetto
94db3c7f-db66-4b16-a61a-814db37533a1,PCLLLL53H55E625Q,Apicella Lucilla,Corso Azzurra 80,Ceriano Laghetto
d4363966-aad0-4826-a6d6-f3399ec951c2,CLCFRZ52S43E281K,Calcagno Fabrizia,Vicolo Napoli 129,Valmadrera
7292f323-f6d7-4174-9ec0-f67d1386f992,DGRVNT66T57C816T,Di Gregorio Violante,Piazza Bianca 36,Fiorano al Serio
a3906bc1-6ab0-45cc-843b-b22bb928661d,CRVCRD56A22F257A,Cervi Corrado,Viale San Matteo 76,Brugherio
1c1957f5-be73-4d28-b0d4-52deed0f62db,MRNDRN81H57I274L,Marini Doriana,Vicolo Cedri 42,Castelli Calepio
e05787c9-ee92-47cb-9c5a-a59bb664b44a,GRRBNT75D18H223U,Guerriero Benito,Viale Adda 41,Cornate d'Adda
43da100e-69c4-427e-bb64-00f7fbc714ea,27486740494,Palestra Sorisole S.r.l.,Largo Del Fiume 39,Sorisole
64aefba0-40d7-4740-95b5-4baee4e6ab96,13855500826,Farmabuild S.p.A.,Largo Della Luna 79,Palazzolo sull'Oglio
6c79004a-813a-4722-8190-c3107ffc9a08,GTADRD72B14A944I,Gaeta Odoardo,Via Pescara 101,Orio al Serio
4a72447c-a169-425b-a04d-e9b41f37f3d5,CSRZRR96B47F104N,Cesarini Azzurra,Via Dell'Oro 26,Cantù
d5738364-de71-4328-813c-8e8ffff7e97e,DMRLGN81T48C415S,Di Maria Luigina,Largo Enna 45,Monza
5e4f67e5-827c-4b97-8858-5b100169b2a7,FRRFBA84R28B036L,Ferrini Fabio,Largo Delle Betulle 98,Lallio
ec7527fc-9773-43f9-950c-46c7333ff70d,MGLVTR94B20C816P,Migliorini Vittorio,Largo Sansovino 133,Brivio
79d19b0c-73fe-4a39-9c6c-99cdc9954c59,FLLMND88E53L551K,Follador Amanda,Largo Del Poggio 87,Brusaporto
aaea979c-6de9-4e02-97e2-7dd2c7555b0a,DFRRNO47R62L736W,De Franco Oriana,Via Gelsomini 11,Lecco
a5a849f0-985a-4bc1-8679-b750e5a5ae92,LRNLRT99L45A345Y,Lorenzi Alberta,Piazza De Amicis 57,Zanica
1a866399-59cd-4dd2-a812-11a26d3b3e02,CNCDTR52A61E054U,Cianci Demetria,Viale IV Novembre 122,Capriolo
ee6079d2-53ed-4fe6-b754-78263a3650ad,10088470157,Centro Sportivo Ornago S.n.c.,Largo Matera 81,Ornago
247bf965-6f7b-4a76-b50f-66009617a811,MRCRRT91H03C286E,Marchi Roberto,Vicolo Foggia 27,Almè
4bc23857-16e0-4a1f-b3cb-d87eba589a02,CCCMNL57C58C573D,Cocco Manola,Vicolo Dei Pianeti 117,Mapello
76749595-e865-402b-bf4d-06a4389bcf0b,MNCRLD44B09C352J,Manca Eraldo,Vicolo Foggia 27,Almè
20db44e5-0bc0-4f25-831f-65d08999ffb4,RNADNL51B14E281T,Arena Daniel,Vicolo Foggia 27,Almè
808b9f05-a21a-4605-b5db-b883a73dc6d7,CNCCGR63B26C129N,Conca Calogero,Via Rita Levi Montalcini 59,Limbiate
178325ea-27a6-4482-8727-6e32d74c64b1,DLLSTT89A59G535H,Della Corte Isotta,Largo Mazzini 32,Barzanò
652f385f-c86a-4fee-b376-f16d2b799f1c,BTTSRI75A24C573A,Battiato Siro,Piazza Foggia 81,Inzago
b973b8c8-0372-4c13-be91-27ba08ab9025,CSTMRO97R63C573T,Castellano Moira,Viale Alfieri 62,Garbagnate Monastero
8a06a252-acf0-4d28-95be-acbba0a196f9,FLCGTN70L66H224X,Fulco Agostina,Viale L'Aquila 67,Spino d'Adda
3c35a1d9-8bef-423a-9003-e0d4796bd9fd,15572440368,Probuild S.p.A.,Piazza Canova 56,Carate Brianza
408a9aa2-8bba-498c-87ed-2d0f5b74705f,MCLLGN53S42F257C,Miceli Luigina,Vicolo Calabria 96,Mozzo
2ad543aa-d14d-4206-83c7-4815125d4916,MNTMSS73R64A794J,Mantovani Melissa,Vicolo Dei Pianeti 16,Chiari
e8327273-18fe-48e7-88bd-39369e2815ef,NPLLFA42L09L331Q,Napolitano Alfio,Vicolo Del Lavatoio 119,Usmate Velate
f9b27b8b-0375-43d7-9e33-4613ede70374,BNTGZZ96H23F257K,Bonetti Galeazzo,Largo Del Mercato 142,Almenno San Salvatore
1aa000af-c5d5-4f14-8eca-427b27a37e46,FRNPLA92T22H703O,Franchini Paolo,Vicolo Nuoro 121,Stezzano
bf6e6ad2-10dc-4755-9b55-469e62154963,CNFGLL47R04D245G,Conforti Galileo,Largo Pacinotti 51,Cernusco sul Naviglio
0a99d684-ec78-435a-9dd5-c60500631a22,FRNRSL96P54H501Y,Franzin Rossella,Largo Mascagni 79,Brignano Gera d'Adda
ca6c7c98-175a-4070-9e68-77375764b9a9,MRRGFR47B20C632T,Marras Goffredo,Via Ancona 94,Curno
9e93bd60-9fb3-400f-bdfb-47d24e8f1646,LNGGPP64M64F104S,Longo Giuseppina,Corso Virgilio 82,Cantù
cf1920e9-5d7b-4092-b848-d42f7f42a816,CPRGZN46B02E281D,Caporali Graziano,Largo Liri 57,Clusone
5004a619-f577-4fb6-acbe-dc3aa902a023,DGVPML99T46L049L,Di Giovanni Pamela,Vicolo Del Tramonto 47,Erba
31cf167f-9596-4310-b77c-6b5e0c1cc33a,NNCPRZ85D02E715B,Innocenti Patrizio,Corso Viole 116,Molteno
dc9d86ee-5985-490d-a3ee-2a41afa40977,DCCTNZ68H26G337M,Ducci Terenzio,Largo Fiume 73,Grumello del Monte
68580a8f-67d6-4100-a384-948d143921b9,DNRDMN74H49C573Y,Di Nardo Damiana,Viale Castagni 47,Carugate
503f5867-7ced-424c-89c7-a0a96d627869,79512500814,Studio Legale Bovisio-Masciago S.a.s.,Via Campobasso 60,Bovisio-Masciago
0ee292b9-6ec1-4c31-881a-8495176f8bee,RRGLLE95C23H223Q,Arrigoni Lelio,Viale Del Lavatoio 117,Cornate d'Adda
a4d8552d-9ee6-4146-9707-fbfdb481aee2,96227771001,Prowood S.p.A.,Piazza L'Aquila 148,Ponte San Pietro
00cc331c-9b17-48ce-8318-0a6cb66802f0,ZRZCDD81B41E379I,Zorzi Candida,Vicolo Alfieri 23,Barlassina
3c9a8644-50cd-404d-9094-ab6302149b69,PLZLNZ67A23L736P,Palazzo Lorenzo,Largo Isaac Newton 13,Sarnico
f6bfcd2f-220d-449f-9f06-3cf94dbdbf24,PNIMGH86C57B157O,Piana Margherita,Largo Della Valle 85,Merate
1c686a7e-6fc9-4a71-82ee-9f8f32e1614f,55768850053,Eurosystem S.p.A.,Vicolo Dei Pianeti 23,Civate
475456dd-ae96-47f2-b097-1acf4c2ca733,CSTPFC80B25F104L,Castaldi Pacifico,Viale Bergamo 99,Inverigo
806ac0dc-43d1-44c5-9d8a-4736e43cf55e,FSRMLI88B12D548F,Fusar Milo,Piazza Grazia Deledda 60,Pedrengo
10ee1499-b0aa-4c83-89d8-094dfc45c84b,30317250824,Omniawood S.r.l.,Viale Veneto 105,Costa Volpino
da203697-5d47-4080-967f-daf83d6206b4,DGRSLM87C53I274X,De Grandis Salomè,Viale Sant'Agostino 122,Castelli Calepio
8728699b-0027-4156-b756-8e1a7800195e,09071090246,Profumeria Pradalunga S.n.c.,Viale Della Costa 149,Pradalunga
5aaef2e6-42b3-430e-98a9-ed29afe9fd75,78278590407,Media Pagazzano S.r.l.s.,Viale Milano 113,Pagazzano
4d933571-d6bb-4d33-a65c-c830a31939b2,01617060486,Azienda Agricola Ercolani S.r.l.,Largo Dell'Oro 111,Muggiò
bd9ce9c3-8281-47d0-be00-835d54053abb,CPBRTT81S44F104Z,Capobianco Orietta,Viale Della Costa 78,Cantù
6014638f-ed05-4a8f-9792-d6ac587feefd,FRTFRM92M23I274S,Fortini Fermo,Piazza Corsica 136,Castelli Calepio
12c9aaf8-9d96-4ae4-88eb-d2b2f3bf88af,GRNGCH63B68B296N,Grande Gioacchina,Via Massimo d'Azeglio 85,Calco
00e530bc-285d-47ea-b8c0-be02ea171291,DCCMRN53P27I274K,De Cicco Moreno,Largo Vibo Valentia 113,Vaprio d'Adda
02aa1f68-9e28-4637-8c6e-978f3730e1c3,MTTCNN59H68B157R,Matteucci Corinna,Corso Venezia 19,Calcinate
972c062c-55b7-4d9b-b2d8-f5c27fc226e6,DNDDRN75M01D704Q,Dondi Doriano,Corso Gialla 66,Sovico
b30b68d3-8cea-423e-aba3-28e527655bda,FRNRBN57M27L219T,Farinella Urbano,Via Noci 144,Cambiago
6c3b6d3a-de00-4385-9917-4e8625bb7c65,DNDRMI42E60G337A,D'Andrea Irma,Viale Del Cristallo 107,Carate Brianza
19da96f0-7967-4b82-aaf5-54dcf4565881,28635120885,Neofood S.p.A.,Vicolo Dei Platani 5,Cambiago
906607a3-a5e7-4138-97aa-1a6c2b7e8433,LMADDT88B15G337Q,Alaimo Diodato,Piazza Como 24,Muggiò
3ecb4ac6-5c28-403c-9818-4031c45157ba,30298130532,Acciaieria De Mauro S.p.A.,Largo Matera 20,Treviolo
ef8ea2bd-8bdf-43fe-9ec9-7aec9ce5279f,FRRNBL77R06G141P,Ferrandi Annibale,Corso Gialla 66,Sovico
1a2b350d-e4ec-4b5b-a6c4-75de5c6e8e1b,75391430909,Impresa Edile Villa d'Almè S.p.A.,Vicolo Caserta 22,Villa d'Almè
89c0c5ec-b251-416d-bff1-20d796eec5c6,RVINCC77C58H223M,Riva Nuccia,Via Lecce 33,Cornate d'Adda
f5f44607-0c22-40dd-a5c9-a6eaecd7d506,GNNFNC48P15L259V,Gianni Franco,Via Del Tramonto 87,Torre de' Roveri
5a2ed054-ff4e-4a10-8310-b8321f67f9ff,77301100283,Studio Tecnico Grumello del Monte S.r.l.s.,Viale Zara 23,Grumello del Monte
d4fda17c-925e-405d-b0dd-36e44c4a3ca5,RCCNRD73B61A794W,Rocco Ingrid,Corso Antonio Meucci 131,Chiari
2852a447-2eb9-42c3-bdb7-38be16db741a,LMBQNT71A10L551R,Lombardi Quinto,Largo Panaro 49,Brusaporto
5ca46de7-4fd9-4b89-af05-c8e56a91b26b,MRRSRG79B15E054E,Marras Sergio,Viale Frassini 22,Bellusco
4e6adbad-518f-4c55-9e39-f6252a6fe839,BRTYLN93L42G999K,Bortolotti Ylenia,Piazza Isernia 60,Cassano d'Adda
fc028f36-0c61-4c31-bcb6-1de9cd519ae4,SPGRLN45H42F839I,Spagnoli Rosalinda,Corso Del Mughetto 52,Arcene
4368a245-b2be-47e8-b7ac-56e18ce2b42a,PNIBVN99D07C002R,Piana Benvenuto,Largo Della Rocca 23,Lesmo
8b4d95e8-401a-4d31-964b-2837e23ac9fb,DBRLRN70M63L049D,Di Bari Lorena,Corso Crotone 114,Erba
14edc83b-f164-43b9-812d-e16d432fc007,53370140260,Pharma Pessano con Bornago S.p.A.,Largo Bramante 92,Pessano con Bornago
96ca7698-81a3-47ad-8c49-ae8ea3a7bbba,GRGGLT55P55H223G,Giorgi Galatea,Piazza Isernia 60,Cassano d'Adda
4ce752a0-7148-46f1-807e-efb8529dc77b,BRTMND92L65C286M,Bartolini Amanda,Piazza Torricelli 26,Caponago
694698ee-37a8-409b-a74d-87554f71b2d7,CRRGRG97P28H224V,Carraro Giorgio,Corso Liri 136,Veduggio con Colzano
3d6273a5-ee71-4df5-b97c-a2cbdb7e6a0d,MZZRTD72S07F257Y,Mazzocchi Aristide,Piazza Isernia 60,Cassano d'Adda
9919236f-90e0-43ed-8cd7-acd0c5d79311,DVVFBA54H44D086N,De Vivo Fabia,Via Marco Polo 11,Sarnico
6501cae1-0021-47e0-bc2c-778a7df0a658,PSQCTL83P50F104V,Pasquali Clotilde,Via Pavia 141,Inverigo
2b7103db-97a7-4fe6-bf76-cb0e290f2471,99815910403,Advisory Fabiano S.p.A.,Piazza Rossini 36,Cantù
d7c4d957-7642-4a3c-b4e8-60c9eb1d10cb,LNENVE53L13B354Z,Leone Nevio,Corso Terni 133,Cavenago di Brianza
774b3781-51e4-4e85-ab46-2aa88e940cb6,MBRFMN61E63C415W,Ambrosi Flaminia,Corso Milano 56,Monza
934e9c6a-4752-4214-8a02-20374a38daa2,SCNBVN99L04G878W,Ascione Benvenuto,Piazza Delle Mimose 19,Pioltello
45face10-8f0f-4f7f-b47c-c7eaa877225b,MRCFTN50D01L840X,Marcon Fortunato,Largo Vibo Valentia 113,Vaprio d'Adda
bc40a812-9f19-4432-b3b7-0a43ab300136,GRDGDI93E62A944I,Giraudo Giada,Viale Europa 18,Carnate
d3db3f21-800f-4c3a-8060-a0023564cd64,SCCDDE90L44C773A,Sacchi Edda,Vicolo Lecce 17,Gessate
c8c2a634-703d-4438-a299-68ce8fd409fb,CRCPRC73H17D969C,Croci Patrick,Vicolo Del Diamante 12,Suello
aaa5e12d-3b5f-491d-a638-0857007634da,FRNGCM93A14L424J,Franchini Giacomo,Vicolo Del Diamante 12,Suello
4042db17-b097-4311-a4e4-6e1138567f69,CSTVLR98A60C415L,Costantini Valeria,Piazza Dei Calzolai 145,Pandino
df7ea064-71f4-4755-b2f6-b3c9cc12f07a,74713610835,Vivaio Belfiore S.a.s.,Via Aldo Moro 2,Leffe
48f1f960-a5ad-415f-a5b0-2e2bd8c22aab,FVAMSM85L11C002E,Fava Massimiliano,Vicolo Bracciano 52,Lesmo
5f219b6b-f6ed-4622-bbdb-c6ee92c1b03f,94886020299,Tecnoglass S.p.A.,Via Goldoni 19,Suello
50898a1c-0988-4c44-be00-26e930ac320c,GVNLLE71A07F257N,Giovannini Lelio,Vicolo Della Stazione 74,Almenno San Salvatore
e798cf3e-72d2-473a-a9b1-e4d6f36a51fd,FNCFBN53D10D245V,Fanucci Fabiano,Via Santorre di Santarosa 141,Cernusco sul Naviglio
e84166f5-7448-4c6b-b242-9021ab11e736,RBNSSM93M05G535F,Rubino Sigismondo,Via Orchidee 23,Martinengo
334de148-3df1-4927-9774-ff55d732acb7,84066330287,Engineering Della Valle S.a.s.,Vicolo Chiese 76,Grumello del Monte
26702988-1199-412b-bee5-e1eca3708dfe,BNTDNG73B24G878I,Bonato Dionigi,Corso Borromini 74,Pioltello
582db10c-8d34-4937-8868-3bec071cd7ef,CRTSML45R02G482I,Cerutti Samuele,Corso Matera 51,Casatenovo
a9211556-05fb-4454-ac72-c4196402fed1,BNTSRN44E50A285Q,Bonetti Severina,Largo Delle Margherite 133,Besana in Brianza
b60e7036-48cf-4946-a8b5-e4894a9b7ed0,MRCGRG98A54A944I,Marchese Giorgia,Via Orchidee 23,Martinengo
57c2fe2d-64de-4638-ba73-dc5903e7ffae,CNSMHL73C09A326K,Censi Michele,Corso Matera 51,Casatenovo
11f6d001-f765-4282-9bfd-8f2b82b6a158,BNNLNE52R17C129E,Benni Leone,Via Antonio Meucci 38,Limbiate
2b80bccb-06c5-4ba1-b88c-4338913e67cb,FDRRLN47H41L736L,Federici Ermelinda,Vicolo Delle Magnolie 31,Rivolta d'Adda
4237d5a1-a865-4047-93f6-882a68fad87b,STBDLM70P18A944U,Stabile Adelmo,Vicolo Croce 120,Trescore Balneario
1ce1a8f0-0e5f-44f5-a9dc-db5830a96bac,GGLVGL47L41H163M,Gagliano Virgilia,Corso Benevento 33,Calusco d'Adda
779f862f-96b3-4833-a298-e9460ddb0d06,GSPLNR54H58F839I,Gaspari Eleonora,Piazza Cosenza 8,Ranica
17770d45-fd0c-46da-881e-e5a32910ff94,GCCRSL55R41H224L,Guicciardini Rosalia,Vicolo Della Costa 71,Spino d'Adda
074e76f8-8edc-4841-8038-e8196dc9dbc2,CNSVNI54B16G942S,Censi Ivan,Via Guicciardini 7,Treviglio
7d783478-baa2-4122-90c0-737811046669,BRNLLE86A67A944J,Branca Lelia,Vicolo Charles Darwin 70,Orio al Serio
10e9af49-b2ac-40ea-bb59-ee8e0ce33240,35350940652,Serigrafia Boscolo S.a.s.,Vicolo Ortensie 79,Usmate Velate
0cace1b1-7332-433c-8b9c-6ee483423c5c,DNRPNG95D10F257G,De Nardi Pierangelo,Vicolo Charles Darwin 70,Orio al Serio
e617337a-4428-420e-9cdb-a791f777ebe6,MTANDR67S20G702K,Amato Indro,Largo Marconi 88,Trezzo sull'Adda
81952d4a-0fa8-4e68-badf-b268d8993b17,43413350091,Arredamenti Service S.n.c.,Via Della Costa 98,Caponago
6814d48a-9d67-4485-b3d4-41472d4c6742,BRTSRL51T46F104Z,Bartolini Esmeralda,Via Della Luna 57,Inverigo
c5898ae2-dc2f-4b3e-87ad-6556bfc9e86d,TSCSRN95P62F704R,Toscano Sabrina,Viale Viterbo 137,Grassobbio
6a5a760d-f16b-4092-a6f1-768cf8a82305,CSRZND60L47E281G,Cesari Zelinda,Via Della Luna 57,Inverigo
1ec94521-8d63-4519-9709-4677a9545a0d,DSEDTT82R43L551J,De Sio Editta,Corso Delle Mimose 49,Cabiate
7f095654-d72b-4249-a934-0c1dc94d9baf,GRZNDR75P08A345E,Graziano Andrea,Largo Malpighi 70,Scanzorosciate
95d18095-e04e-4141-a6e7-a128d00b2093,CLFSNT54R54L840E,Califano Samantha,Largo Malpighi 70,Scanzorosciate
009368c3-b1d8-4dcd-ab94-f24045278970,42948280286,Autotrasporti Sovico S.p.A.,Largo Amerigo Vespucci 67,Sovico
6b2af933-9535-49fb-b2d4-583f78d374c5,CSRGTR41C03L736G,Cesaroni Gualtiero,Via San Luca 73,Lecco
825f561d-79ca-41a6-830f-89bfd44bf7a4,83086130362,Biocom S.p.A.,Via Teramo 22,Pusiano
f62742f7-cd25-4613-8d0a-73322517a714,CNTSML73P27E281I,Contu Samuele,Viale Minore 83,Valmadrera
7d814b08-d12f-4dd9-a111-1ba622b5685a,DLILVC55A18L840E,Di Leo Lodovico,Vicolo Santa Chiara 110,Calolziocorte
71a59824-c86a-4e52-aabe-07a5252995fb,DRIFLV77A47C415O,Di Iorio Flavia,Piazza Santorre di Santarosa 17,Pandino
bb16a16e-3a9f-433f-af0b-42b10cbd27f9,BRGMCD66D64C632Q,Braga Mercede,Via Dell'Orsa Maggiore 22,Curno
d1835efc-4259-4887-87c7-9d29dfa4aab7,DNFGRZ72C46D086M,D'Onofrio Grazia,Largo Rodari 133,Sarnico
b87d750b-77bd-4d04-8116-59616903701a,CNVYRU58H28E625R,Canova Yuri,Vicolo Sardegna 91,Chiuduno
b829db73-aacc-4850-b90c-0c79f0298944,BRCMRZ87T53G702R,Bracco Maurizia,Vicolo Delle Querce 69,Merate
fe538357-1c8e-465b-9fe0-bac60b5b8b1e,CRSMCL95P17B157C,Crisci Marcello,Vicolo Delle Querce 69,Merate
6803555e-e877-4c70-bb7f-cfdda02dde61,51189680856,Agenzia Viaggi Cavenago di Brianza S.r.l.,Viale Dei Fabbri 20,Cavenago di Brianza
58a5ef68-0786-4f2b-881e-956f3c8572bc,GNTLCU63T04C286T,Gentili Luca,Vicolo Della Rocca 31,Macherio
d46057c5-15b2-4c48-a00b-b3ed279ad8c5,10090300905,Consorzio Agostini e Ricci S.r.l.,Piazza Pacinotti 131,Villa d'Almè
b78dcb1c-82a9-492c-b60f-5e1688aee60e,62886870369,Pub Carate Brianza S.r.l.,Largo Antonio Meucci 104,Carate Brianza
9436cf5d-24cd-4cc3-b327-c8c6f9728820,BRTLIO87A47A285T,Bertini Iole,Via Bologna 66,Camparada
350ff829-7c12-4427-8ade-af7eddd984e7,TRRNTL69T49G535T,Terranova Natalia,Largo Amerigo Vespucci 81,Barzanò
adec2801-db09-42e7-b0ee-0e8a23f93e74,CRRSLL99D51B157Y,Carrieri Estella,Corso San Rocco 2,Azzano San Paolo
619dc962-0500-418c-afed-f2bec849c63d,DNGLND65C62F537N,De Nigris Linda,Largo Delle Querce 12,Aicurzio
5f262dab-4956-49ea-9c6e-ccd3c2b6ece0,LEIRLN78L54F257G,Elia Rosalinda,Via Cagliari 82,Misinto
843bde72-39f4-467e-af40-bfeeb9306baa,DNDMRA51D41E281L,Donadio Maura,Via San Bernardo 99,Valmadrera
59ec54d6-8265-4cf0-b393-e69b2c0bdf67,PCCSNT82C16A944N,Pucci Sante,Vicolo Ortensie 122,Carnate
17f0674d-7353-47f4-b3ef-afc6a7c71225,39166460202,Enoteca Carlini S.n.c.,Piazza Virgilio 3,Curno
ec1703d5-6d80-49ae-914b-bd63f17e5b08,FBNGLT78L66H224G,Fabiano Galatea,Via Galvani 61,Pozzuolo Martesana
acfa1465-c8fd-487f-a1ac-0cf920b83f5f,DDRLVE91L47G337T,Dodaro Elvia,Piazza San Francesco 64,Pessano con Bornago
7b2acae0-f327-43f5-856c-60d5893e52b0,GRAPCR68M24E791W,Garau Piercarlo,Vicolo Giulio Cesare 54,Pusiano
6c40f4f6-da81-4477-b3fd-8a52d2d06522,MCHCML47S64A662H,Michelini Carmela,Largo L'Aquila 70,Villa d'Almè
ed8c10f5-3d94-4527-807b-952dbd9e7e68,BLLDRA74D28E054Q,Belli Dario,Vicolo Santa Chiara 64,Bellusco
2d3d0030-7859-4f21-88d1-fc0b917b06fa,DMTMRA91P27B963C,De Matteis Mario,Via Potenza 122,Levate
bea95278-9735-40a0-b98a-0d42c74232ce,CRLVGN71L01L331O,Carlucci Virginio,Largo Zara 38,Usmate Velate
f5cfbaac-6931-45ab-92f2-66ff175e34f1,MNRTLL71A53L736U,Mainardi Tullia,Largo San Biagio 128,Truccazzano
055815ee-4c41-4dad-95b0-6fce56547285,MRNPGR70B06E472D,Maiorano Piergiorgio,Viale Siracusa 42,Verdello
771ee166-fb29-46f1-8163-18b3db11b681,GRCSVT97D27D499Y,Grieco Salvatore,Piazza Del Poggio 15,Palosco
940c18d8-3452-490e-ae66-c640380b88ca,MGNFRD66L41D245K,Magnani Frida,Largo Dell'Eclissi 70,Cernusco sul Naviglio
f80fd702-e011-46d6-b150-09b6502f2b48,23870730159,Software House Lab S.n.c.,Via Italia 113,Mapello
d4db0253-3a56-484c-916b-ba0b7c01fff8,RTTMTT63T28D086K,Ratti Matteo,Largo Leopardi 131,Busnago
eaaf7320-1a8c-40a7-b15b-75a1989b82e1,BNTCRS48P58L049G,Bonati Clarissa,Piazza Gelsomini 5,Erba
5aed6e3c-39ee-45a3-b05e-d2734c96cff9,MRTTMS58H17G999J,Moretto Tommaso,Viale Dell'Edera 97,Cassano d'Adda
f171c088-3b39-4c09-bfd4-3672056927f7,FRNDNT60C15B157T,Franzi Donato,Largo Del Mughetto 63,Calcinate
bcae7839-6385-4d25-a97a-b3be15418538,MLNPLN80P05D245L,Milano Plinio,Via Cavour 143,Cernusco sul Naviglio
4b067610-9758-46ca-8382-fac32d539687,DGRMTT69B03C352M,Di Girolamo Mattia,Largo Padova 67,Ornago
ed9696fa-44bc-42a5-b504-fc99178d050d,89456130817,Consulting Alfieri S.a.s.,Vicolo Teramo 28,Scanzorosciate
064c0086-c7bd-48e2-9802-2404d5b84b69,25075740206,Cartoleria Di Giorgio S.p.A.,Viale Reggio Emilia 88,Busnago
6fe2ee87-2853-4750-a9d9-f13c6a3879b6,ZZIMNL69L19C129D,Izzo Manuele,Piazza Charles Darwin 132,Nembro
ea0a985c-6807-44c3-8616-0f09011451c0,58048380560,Tipografia Correzzana S.r.l.s.,Viale Del Fiume 42,Correzzana
5323aa17-9fa5-4f2c-9686-6418e6c99f02,CGNVGN54P19H224P,Cugini Virginio,Piazza Adige 21,Veduggio con Colzano
277805e3-e4d0-44e8-b654-d27448b99877,BFFGLN67E50C129Z,Boffa Giuliana,Piazza Virgilio 63,Limbiate
7c5a3f96-fe54-40c8-a7a5-0eb5252088bc,DNDGTN52L03L840R,D'Andrea Agostino,Corso Perugia 94,Calolziocorte
14b32d90-bf3e-46e2-8ac7-b943cbbaaec0,FVRSRD58M45A285X,Favero Astrid,Largo Del Tramonto 74,Iseo
a70d07fe-abeb-4cee-a7d5-ba0f26d559e4,MNGCML75A67A944B,Mangano Carmela,Vicolo Del Bronzo 54,Trescore Balneario
afc1bc5b-08ff-43ab-bc01-e80a18bf4b4f,VSCSFN70B22E281O,Visconti Serafino,Piazza Italia 22,Clusone
be184906-0d74-4e53-8a78-8f4573500582,CSTRLN91D45D969M,Castello Ermelinda,Via Dei Cacciatori 74,Suello
7ec959b0-ed80-4638-b05d-22eaacaa51cf,RCLGZN70S03H282N,Ercolani Graziano,Viale Del Bronzo 114,Correzzana
446a7244-249a-45d5-8620-db7587847290,FRNRNN57P17A944T,Fornasier Ermanno,Largo Torino 84,Cadorago
35e9def6-1bd6-456b-b8bc-31434d5f480d,GLNLSS95M47E379J,Galante Alessia,Largo Del Tramonto 74,Iseo
492e93fc-3e1f-4229-ac9c-f6af46bef864,11222490820,Concessionaria Bressan S.r.l.,Via Azzurra 68,Costa Volpino
7dce416e-5798-45e9-a1e2-46a629e9daac,DNGCML85D60G015V,De Nigris Carmela,Via Pavia 75,Vertova
3464dfea-fb27-41f5-b5b3-da658820f9d2,CSTLTA47H67B157L,Costa Altea,Vicolo Del Diamante 24,Gandino
f4f47cb0-4195-4149-a1c8-0fb910553abd,BLLMNL87A10C632I,Bellucci Manlio,Piazza San Giorgio 13,Curno
14c346b3-ce5a-49ad-bd6c-e004531cb371,BZZLNI50A62D499Y,Bizzarri Ileana,Viale Delle Betulle 56,Palosco
43b4fffa-465e-4aa7-b3b2-bd8c6723204b,20279630303,Green Solutions Clusone S.a.s.,Viale Sant'Antonio 19,Clusone
067d656a-b446-4c59-bc57-29ed89d4ba16,TRCMCL74E56E791O,Turco Marcella,Corso Ascoli Piceno 130,Pusiano
639397ee-29fe-4583-97f3-76d4087aca6e,TSTLVC67T59A285B,Testa Ludovica,Via Parisi 119,Besana in Brianza
c19323e8-7865-49c4-8274-c9cdb84b2d40,DSNGRM98A01B157U,Di Santis Geremia,Viale Petrarca 136,Calcinate
8f8dce36-0b5c-4397-b2f2-2fdbc1f957c6,PRNLRD66A05A509B,Perna Aleardo,Viale Campobasso 12,Dalmine
9b3fd88f-d639-462c-afe2-b5bb0fca02c6,MCAGNR66C01D499C,Amici Gennaro,Viale Garibaldi 21,Palosco
21ed591e-8c56-46a4-979a-9eceb46dc58b,GLTGST54S23G337S,Gualtieri Augusto,Viale Emilia 100,Pessano con Bornago
5e10f91a-c7d2-49c8-9c21-4ec39eca45a9,69455660519,Farmacia Masini S.p.A.,Viale Cagliari 120,Castelli Calepio
3b3ef892-583f-4d23-aa15-cb3e5a797d25,FNCGBR42B04L736Q,Finco Gilberto,Via Della Chiesa 123,Rivolta d'Adda
b02652d9-befb-46c9-8698-c9c10d0839a7,CRSGTR44T06E791N,Crisafulli Gualtiero,Viale Del Tramonto 45,Pusiano
18a37dd5-c3a3-45ab-827d-16e1a179d925,FRTPCD96T19L424F,Fiorito Placido,Viale Campobasso 12,Dalmine
2042106c-cb33-499a-9a2b-059c3445ae41,SCHBGT53B59E054X,Schiavo Brigitta,Viale Saba 18,Seveso
9ca302cc-aea7-44c3-8f9d-21de702a54d9,BRVDRA62E01D086N,Bravi Dario,Via Palladio 65,Lovere
09722c53-4fdf-428e-a891-1ca86bcb4947,DCCPPN43A63E058W,Ducci Peppina,Corso Veneto 7,Gazzaniga
2a567eab-cb8a-4b53-bf35-f9ab1cb991b3,CNCLNI47T43D086A,Concas Ileana,Vicolo Canova 53,Sarnico
e255832b-2330-4c08-b20d-7eb0b20cbe21,MRNPML52B52L049F,Mariani Pamela,Piazza Perugia 145,Gessate
ae77c3b7-89c1-43dc-b4fd-2ef454395d64,PPPPLP80B58A345S,Pappalardo Penelope,Viale Dei Vasai 136,Paladina
b69213b1-1020-4e13-8418-1d0f5898e9dc,FGLMNI77S02E058D,Foglia Mino,Largo Milano 148,Gazzaniga
5d31f1ec-af4a-4f42-afa4-ae171dcb5639,SNTRNG40T16A944Z,Santi Ermenegildo,Viale Udine 25,Civate
9ca58b65-c4ac-49ab-ab70-6012443f4a54,DNTGRL44B47D086Q,Dante Gabriella,Viale Dell'Oleandro 150,Sarnico
60d7f03f-9ba6-404c-8e54-15fc2213308d,CNPCML66C17H703X,Canepa Carmelo,Viale Brunelleschi 55,Stezzano
a66d6f8d-eadd-439d-a0ab-ed326411fd60,80853510156,Libreria De Rossi S.r.l.s.,Largo Limoni 32,Almè
faac593d-af43-4790-acd3-be8ec0545fa4,SGNRSL80S63B963B,Signorelli Rosalia,Largo Leopardi 24,Palazzolo sull'Oglio
a81e1625-2cab-46cc-9f88-0af3ec8cb510,CLNBDS95L08C002P,Colantuono Baldassarre,Corso Bernini 132,Lesmo
07963b3d-e950-4893-a4cc-424d6ed4ac78,14805480317,Gastronomia Mosca S.a.s.,Viale Catanzaro 33,Urgnano
6633e883-c583-4e24-a3cc-7b9453551d9f,CRSMNL59A22A326B,Corsi Manuel,Via Giulio Cesare 120,Albino
52cef6ef-5402-4a9b-9f86-feea7262430a,CNCPRZ56S61L483N,Concas Patrizia,Vicolo Giovanni Falcone 21,Ceriano Laghetto
9dcb715b-5317-40d5-86ac-6223a591dd8d,CNSCCL40A48B296H,Consoli Cecilia,Viale Delle Margherite 32,Terno d'Isola
f0c1c73a-e457-4f79-ab08-849b342d576e,DNRFNC95L51E281D,Denaro Francesca,Viale Adda 116,Clusone
dd793280-61cd-427f-896e-9d10ba7815ed,CLNMSS94E44D499L,Colonna Melissa,Vicolo Bari 144,Palosco
4ab8475c-3457-42d5-8c59-2aecf56cb2e6,RIOMNL81P21B296V,Iorio Manlio,Corso Delle Rose 22,Renate
ba6f375e-88c1-4d52-a0c8-ca7d2d897105,DMLRFL94L05C816N,Damilano Raffaello,Largo Dell'Oleandro 89,Seriate
5b500530-a35e-4b6a-9186-f34374b3a0b2,VNNBNR85P16G878T,Vanni Bernardo,Corso Delle Rose 22,Renate
788a8c69-de08-4120-aede-bc0081711e9b,TNLMCR49B27G999D,Tonelli Macario,Via Sondrio 13,Cesano Maderno
3cde7a22-5144-43a2-a3f7-b90765e9c896,CRTPQL84R17G015I,Crotti Pasquale,Largo Viole 94,Giussano
0744366c-a37a-485c-b6f8-1848cca2a661,CRSRND59C27A285Q,Caruso Armando,Via Terni 61,Iseo
2d1fb235-1dc3-48db-82f2-6b6c90902d0b,BVOGPP56R65G482A,Bove Giuseppina,Largo Bembo 68,Casatenovo
3546a41c-3ab8-46d5-8b12-43192c810860,34838700440,Palestra Cesano Maderno S.a.s.,Corso Dell'Eclissi 15,Cesano Maderno
e14f87d9-0e0b-414c-b7c8-995220662702,CLMLNR73P65G337B,Colombi Eleonora,Corso Tulipani 29,Calusco d'Adda
fe1cc9f0-293e-41bd-b11f-336d6cbd46d1,16271610319,Infobuild S.r.l.,Via Del Vespro 110,Roncello
2cc63817-d250-4e74-833d-38574e06a5ad,MRRMND70P54G702K,Morrone Miranda,Vicolo Della Rocca 115,Trezzo sull'Adda
e7a90ffe-8188-485b-9ec9-ecfef3395e97,NDRSDR52D16D969G,Andreotti Isidoro,Largo Dei Contadini 123,Missaglia
78f8accb-8bb8-48f0-95cf-bf88a8e67120,GCCPRD52A23F104J,Gucci Paride,Viale Albert Einstein 146,Cantù
121e0730-6c2e-4de9-99dd-d19082c5d5ba,DDNFPP94M45H224G,Di Donato Filippa,Largo Albert Einstein 105,Veduggio con Colzano
a112a615-2ac0-4711-9522-0481606a5254,DBLCRI56P06L551S,Di Blasi Ciro,Piazza Modena 70,Pedrengo
ddca7f17-9324-446f-86da-dfff15cace5d,MLNDDR76C05C286R,Milone Desiderio,Via Dell'Eclissi 79,Macherio
342210ac-29b7-44b9-8303-feeaaed2ff05,BNCCTN43D07A285F,Bianchini Costante,Largo Agostino Depretis 144,Besana in Brianza
8fd928b8-b146-480c-ba9f-20d16da542d0,PRSDRT82D45L551G,Persico Dorotea,Via Cellini 59,Brusaporto
d178067b-350c-490b-93b7-273ff27d8e21,36855990242,Edilizia Simeone S.p.A.,Via Isonzo 16,Seregno
bc5aa503-83e1-4e73-bd76-971144ab2a88,GRMBND76T48F704J,Grimaldi Belinda,Largo Sciascia 26,Grassobbio
b2c30c89-6484-451b-ba99-dcb259e35ac8,88785110763,Autolavaggio Meda S.r.l.s.,Viale Frosinone 53,Meda
c9e6f258-e86b-4e40-ad0d-b46585c48a53,MRCLIA64R60B354W,Marcucci Lia,Corso Del Glicine 63,Brembate di Sopra
52c3a7ad-0e8d-41a2-b0b5-daf62d13186f,59683030825,Infobuild S.r.l.,Largo Dell'Oro 116,Cividate al Piano
63dea0e6-9b5b-4d2e-96bb-e334c9d01f8a,DMRDRT69E47B157E,De Mauro Dorotea,Piazza Beccaria 2,Merate
35d97a13-083d-477a-95ae-2a8f979d7a04,GRGSRT70P22L219B,Gargiulo Socrate,Corso Cedri 72,Cambiago
